id,room,pin_x_on_sketch,pin_y_on_sketch,height_mm_from_finished_floor,mechanism_count,type,purpose,status
"K01","Кухня","229","145","1100","2","220V","Рабочая поверхность: чайник/мелкая техника","предварительно; сверить с мебелью, мокрыми зонами и обмером"
"K02","Кухня","274","145","1100","2","220V","Рабочая поверхность: кофемашина","предварительно; сверить с мебелью, мокрыми зонами и обмером"
"K03","Кухня","317","145","1100","2","220V","Рабочая поверхность: резерв","предварительно; сверить с мебелью, мокрыми зонами и обмером"
"K04","Кухня","361","145","по ТЗ","1","вывод","Варочная панель: отдельное подключение","предварительно; сверить с мебелью, мокрыми зонами и обмером"
"K05","Кухня","406","145","по ТЗ","1","220V","Духовой шкаф: доступ через соседний модуль","предварительно; сверить с мебелью, мокрыми зонами и обмером"
"K06","Кухня","235","205","по ТЗ","1","220V","Посудомоечная машина: соседняя сухая секция","предварительно; сверить с мебелью, мокрыми зонами и обмером"
"K07","Кухня","272","205","по ТЗ","1","220V","Холодильник: доступное подключение","предварительно; сверить с мебелью, мокрыми зонами и обмером"
"K08","Кухня","310","205","2150","1","220V","Вытяжка, в верхнем шкафу","предварительно; сверить с мебелью, мокрыми зонами и обмером"
"K09","Кухня","348","205","1300","1","220V","Микроволновая печь","предварительно; сверить с мебелью, мокрыми зонами и обмером"
"K10","Кухня","386","205","2100","1","вывод","Подсветка рабочей зоны","предварительно; сверить с мебелью, мокрыми зонами и обмером"
"K11","Кухня","184","267","1100","2","220V","Резерв на боковом участке, вне мокрой зоны","предварительно; сверить с мебелью, мокрыми зонами и обмером"
"L01","Гостиная","175","455","300","2","220V","За диваном: торшер и зарядка","предварительно; сверить с мебелью, мокрыми зонами и обмером"
"L02","Гостиная","175","532","650","2","220V","У дивана: зарядка телефона","предварительно; сверить с мебелью, мокрыми зонами и обмером"
"L03","Гостиная","406","541","300","2","220V","Вторая сторона дивана","предварительно; сверить с мебелью, мокрыми зонами и обмером"
"L04","Гостиная","185","369","300","1","220V","Дополнительная лампа/гирлянда","предварительно; сверить с мебелью, мокрыми зонами и обмером"
"L05","Гостиная","607","420","300/1200","4","220V","Резерв под ТВ/медиазону; ТВ-стену уточнить","предварительно; сверить с мебелью, мокрыми зонами и обмером"
"L06","Гостиная","607","451","1200","2","RJ45","Сеть в медиазоне, если ТВ здесь","предварительно; сверить с мебелью, мокрыми зонами и обмером"
"L07","Гостиная","530","600","300","1","220V","Док-станция робота-пылесоса","предварительно; сверить с мебелью, мокрыми зонами и обмером"
"L08","Гостиная","427","598","300","1","220V","Пылесос/временная техника","предварительно; сверить с мебелью, мокрыми зонами и обмером"
"L09","Гостиная","601","369","300","2","220V","Свободная зона: будущая мебель","предварительно; сверить с мебелью, мокрыми зонами и обмером"
"B01","Спальня","180","696","650","3","220V/USB","Прикроватный блок 1","предварительно; сверить с мебелью, мокрыми зонами и обмером"
"B02","Спальня","180","880","650","3","220V/USB","Прикроватный блок 2","предварительно; сверить с мебелью, мокрыми зонами и обмером"
"B03","Спальня","481","856","750","2","220V","Столик/зеркало и фен","предварительно; сверить с мебелью, мокрыми зонами и обмером"
"B04","Спальня","364","630","1200","2","220V","Резерв ТВ, если выбран на этой стене","предварительно; сверить с мебелью, мокрыми зонами и обмером"
"B05","Спальня","330","630","300","2","220V","Резерв низкого медиаблока","предварительно; сверить с мебелью, мокрыми зонами и обмером"
"B06","Спальня","340","1005","300","2","220V","У окна: лампа/увлажнитель","предварительно; сверить с мебелью, мокрыми зонами и обмером"
"B07","Спальня","182","971","300","1","220V","Пылесос","предварительно; сверить с мебелью, мокрыми зонами и обмером"
"B08","Спальня","480","671","2250","1","220V","Кондиционер: место уточнить","предварительно; сверить с мебелью, мокрыми зонами и обмером"
"C01","Вторая комната","830","702","650","2","220V","У кровати: блок с защитными шторками","предварительно; сверить с мебелью, мокрыми зонами и обмером"
"C02","Вторая комната","830","857","650","2","220V","Второй прикроватный блок с защитными шторками","предварительно; сверить с мебелью, мокрыми зонами и обмером"
"C03","Вторая комната","610","946","750","4","220V","Стол/игровая зона: техника и лампа","предварительно; сверить с мебелью, мокрыми зонами и обмером"
"C04","Вторая комната","650","946","750","1","RJ45","Интернет у будущего рабочего места","предварительно; сверить с мебелью, мокрыми зонами и обмером"
"C05","Вторая комната","695","946","300","2","220V","Резерв у окна","предварительно; сверить с мебелью, мокрыми зонами и обмером"
"C06","Вторая комната","538","694","300","1","220V","Пылесос","предварительно; сверить с мебелью, мокрыми зонами и обмером"
"C07","Вторая комната","822","927","300","1","220V","Очиститель воздуха/увлажнитель","предварительно; сверить с мебелью, мокрыми зонами и обмером"
"C08","Вторая комната","812","641","2250","1","220V","Кондиционер: место уточнить","предварительно; сверить с мебелью, мокрыми зонами и обмером"
"W01","Гардеробная","640","494","1100","2","220V","Отпариватель/утюг с удобным доступом","предварительно; сверить с мебелью, мокрыми зонами и обмером"
"W02","Гардеробная","822","575","300","1","220V","Пылесос/зарядка","предварительно; сверить с мебелью, мокрыми зонами и обмером"
"W03","Гардеробная","683","453","2100","1","вывод","Подсветка шкафов через блок питания","предварительно; сверить с мебелью, мокрыми зонами и обмером"
"E01","Прихожая","832","282","1050","2","220V","Консоль/зарядка у входа","предварительно; сверить с мебелью, мокрыми зонами и обмером"
"E02","Прихожая","832","393","300","1","220V","Уборка/обувная сушилка","предварительно; сверить с мебелью, мокрыми зонами и обмером"
"E03","Прихожая","746","143","2200","2","220V","Слаботочный шкаф: роутер и резерв","предварительно; сверить с мебелью, мокрыми зонами и обмером"
"E04","Прихожая","707","410","300","1","220V","Резерв на проходе, не за шкафом","предварительно; сверить с мебелью, мокрыми зонами и обмером"
"A01","Санузел","446","204","по ТЗ","1","220V","Стиральная машина: отдельная линия; только вне запретных зон","предварительно; сверить с мебелью, мокрыми зонами и обмером"
"A02","Санузел","551","145","по ТЗ","1","220V","Бойлер: отдельная линия; доступ к отключению","предварительно; сверить с мебелью, мокрыми зонами и обмером"
"A03","Санузел","529","176","1100","1","220V","Зеркало/фен: разместить лишь после проверки зон","предварительно; сверить с мебелью, мокрыми зонами и обмером"
"A04","Санузел","446","329","по ТЗ","1","вывод","Электрополотенцесушитель, если будет","предварительно; сверить с мебелью, мокрыми зонами и обмером"
"A05","Санузел","601","153","2300","1","вывод","Вытяжной вентилятор, если требуется","предварительно; сверить с мебелью, мокрыми зонами и обмером"
