id,name,w,currentEstimate,protection,cable,points
E01,Свет общей зоны,120,0.52,Не назначено: расчёт ЭОМ,Не назначено: условия прокладки,"['L01', 'L02', 'L03', 'L04', 'L05', 'L06', 'L07']"
E02,Свет спален,104,0.45,Не назначено: расчёт ЭОМ,Не назначено: условия прокладки,"['L08', 'L09', 'L10', 'L11', 'L12', 'L13']"
E03,Свет санузла,36,0.16,Не назначено: расчёт ЭОМ,Не назначено: условия прокладки,"['L14', 'L15', 'L16']"
E04,Розетки кухни / рабочая зона,3500,15.22,Не назначено: расчёт ЭОМ,Не назначено: условия прокладки,"['P01', 'P02']"
E05,Электрическая варочная панель*,7200,31.3,Не назначено: расчёт ЭОМ,Не назначено: условия прокладки,['P03']
E06,Духовой шкаф*,3000,13.04,Не назначено: расчёт ЭОМ,Не назначено: условия прокладки,['P04']
E07,Посудомоечная машина*,2000,8.7,Не назначено: расчёт ЭОМ,Не назначено: условия прокладки,['P05']
E08,Холодильник + вытяжка*,450,1.96,Не назначено: расчёт ЭОМ,Не назначено: условия прокладки,"['P06', 'P07']"
E09,Розетки общей зоны и прихожей,2000,8.7,Не назначено: расчёт ЭОМ,Не назначено: условия прокладки,"['P08', 'P09', 'P10', 'P20', 'P21']"
E10,Розетки спальни,1500,6.52,Не назначено: расчёт ЭОМ,Не назначено: условия прокладки,"['P11', 'P12', 'P13', 'P14']"
E11,Розетки детской,1500,6.52,Не назначено: расчёт ЭОМ,Не назначено: условия прокладки,"['P15', 'P16', 'P17']"
E12,Стиральная машина*,2200,9.57,Не назначено: расчёт ЭОМ,Не назначено: условия прокладки,['P18']
E13,Розетка зеркала,1500,6.52,Не назначено: расчёт ЭОМ,Не назначено: условия прокладки,['P19']
E14,Роутер / слаботочный шкаф,100,0.43,Не назначено: расчёт ЭОМ,Не назначено: условия прокладки,['P22']
