id,room,x,y,h,name,w,group,control,length
L01,kitchen,1250,850,2600,Общий мягкий свет кухни,18,E01,S01,0
L02,kitchen,650,2250,2160,Подвес над полуостровом,12,E01,S01,0
L03,kitchen,800,300,1680,Лента рабочей зоны,24,E01,S01,1.62
L04,living,70,3620,2450,Скользящий свет камня,20,E01,S02,1.36
L05,living,1550,3250,2600,Общий свет гостиной,18,E01,S02,0
L06,entry,5340,1400,2600,Общий свет прихожей,16,E01,S03,0
L07,entry,4900,870,2200,Свет входного зеркала,12,E01,S03,0
L08,adult,1400,6500,2600,Отражённый общий свет спальни,24,E02,S04,0
L09,adult,3070,6850,1770,Свет лунного изголовья,24,E02,S04/S05,0
L10,adult,2970,5830,630,Опаловая лампа,6,E02,S05,0
L11,alice,4450,5300,2600,Общий свет детской,24,E02,S06,0
L12,alice,6260,6160,690,Прикроватный свет,6,E02,S07,0
L13,alice,4450,7160,1180,Рабочая линейная подсветка,20,E02,S06,1.26
L14,bath,3500,1200,2600,Общий свет санузла,16,E03,S08,0
L15,bath,2760,100,1650,Подсветка зеркала,14,E03,S08,0
L16,bath,4320,50,1600,Ниша у ванны,6,E03,S08,0.62
