id,room,x,y,h,kind,name,group,count,status
P01,kitchen,1550,0,1100,socket,Рабочая поверхность: чайник / кофемашина,E04,2,предложение; подтвердить по месту
P02,kitchen,0,1700,1100,socket,Рабочая поверхность / резерв,E04,2,предложение; подтвердить по месту
P03,kitchen,1470,0,300,outlet,Варочная: вывод в соседнем модуле,E05,1,предложение; подтвердить по месту
P04,kitchen,1320,0,300,socket,Духовой шкаф: доступный соседний модуль,E06,1,предложение; подтвердить по месту
P05,kitchen,0,1050,450,socket,ПММ: сухой соседний отсек,E07,1,предложение; подтвердить по месту
P06,kitchen,2230,0,2200,socket,Холодильник: доступ сверху,E08,1,предложение; подтвердить по месту
P07,kitchen,850,0,2200,socket,Вытяжка в верхнем модуле,E08,1,предложение; подтвердить по месту
P08,living,0,3660,1200,socket,ТВ / медиаблок,E09,2,предложение; подтвердить по месту
P09,living,0,3910,300,socket,Медиаконсоль,E09,2,предложение; подтвердить по месту
P10,living,0,2810,300,socket,Уборка общей зоны,E09,1,предложение; подтвердить по месту
P11,adult,3175,5730,650,socket,Левая прикроватная зона,E10,2,предложение; подтвердить по месту
P12,adult,3175,8010,650,socket,Правая прикроватная зона,E10,2,предложение; подтвердить по месту
P13,adult,0,7100,750,socket,Туалетный / рабочий столик,E10,2,предложение; подтвердить по месту
P14,adult,0,5090,300,socket,Уборка спальни,E10,1,предложение; подтвердить по месту
P15,alice,6400,6010,650,socket,Прикроватная полка,E11,2,предложение; подтвердить по месту
P16,alice,5300,7440,750,socket,Рабочий стол: два поста,E11,4,предложение; подтвердить по месту
P17,alice,6400,3980,300,socket,Уборка детской,E11,1,предложение; подтвердить по месту
P18,bath,3100,0,1150,socket,Стиральная машина: доступ над столешницей,E12,1,предложение; подтвердить по месту
P19,bath,2440,600,1100,socket,Розетка у зеркала: проверить зоны,E13,1,предложение; подтвердить по месту
P20,entry,6400,1200,300,socket,Уборка прихожей,E09,1,предложение; подтвердить по месту
P21,entry,6400,3100,300,socket,Зарядка пылесоса в шкафу,E09,1,предложение; подтвердить по месту
P22,entry,5600,0,2200,socket,Слаботочный шкаф / роутер,E14,2,предложение; подтвердить по месту
N01,living,0,3540,1200,data,Две линии данных к ТВ,DATA,2,предложение; подтвердить по месту
N02,alice,5450,7440,750,data,Данные к рабочему месту,DATA,1,предложение; подтвердить по месту
N03,adult,0,7300,750,data,Резерв данных,DATA,1,предложение; подтвердить по месту
